variant,pr_auc,roc_auc,precision_top5pct
fitted weights,0.45748314421200664,0.7534069186570164,0.6875
"equal weights (mean of fitted, all features)",0.207302226225732,0.6608729148783857,0.29310344827586204
random_000,0.45574846789369317,0.7531359627881706,0.6702586206896551
random_001,0.45500260944098164,0.7531232986977417,0.6637931034482759
random_002,0.45888589976441774,0.753799296711567,0.6831896551724138
random_003,0.4529940267633859,0.7527353739497155,0.6616379310344828
random_004,0.45675684194122324,0.753371779285222,0.6875
random_005,0.45574009947823374,0.7533455465264766,0.6918103448275862
random_006,0.4571528733212752,0.7534328730841041,0.6918103448275862
random_007,0.45843531519829406,0.7537026460434042,0.6918103448275862
random_008,0.453836837012939,0.7536645841892031,0.6918103448275862
random_009,0.4568519601050892,0.7534213919032208,0.6896551724137931
random_010,0.45869834335362664,0.7538051416763806,0.6896551724137931
random_011,0.4580914513142457,0.7536130928325144,0.6896551724137931
random_012,0.4558825649033039,0.7533460336068777,0.6896551724137931
random_013,0.45889392732075723,0.7538427164501802,0.6831896551724138
random_014,0.4555535490448951,0.7531894024664638,0.6875
random_015,0.45577993410269446,0.7533948112299031,0.6918103448275862
random_016,0.45506132765539786,0.75331632170241,0.6875
random_017,0.45318047882035273,0.7528377999997773,0.6594827586206896
random_018,0.4480766646744819,0.7518280823282777,0.6508620689655172
random_019,0.4514163005264068,0.7523445267192825,0.6594827586206896
random_020,0.458714435202396,0.7538242769778525,0.6896551724137931
random_021,0.45540302794474447,0.7533996820339142,0.6918103448275862
random_022,0.45639100030426566,0.7533911233354376,0.665948275862069
random_023,0.45319413426707045,0.7527719049797986,0.6616379310344828
random_024,0.4473500964542227,0.7513534572688539,0.6422413793103449
random_025,0.44812478291993374,0.7517800701173113,0.6487068965517241
random_026,0.456176266143586,0.75333260410439,0.6918103448275862
random_027,0.4574863915128492,0.7534456763403617,0.6810344827586207
random_028,0.45597901714019123,0.7533760238430032,0.6896551724137931
random_029,0.45750201292467696,0.7534772669835195,0.6875
random_030,0.4551759869293167,0.7534250102147717,0.6918103448275862
random_031,0.45698107543358957,0.7533928629082985,0.6810344827586207
random_032,0.4476590585399769,0.7514818377460034,0.6443965517241379
random_033,0.45692228984469246,0.7533973857977374,0.6896551724137931
random_034,0.4566819979270807,0.753415477355493,0.6896551724137931
random_035,0.4573893875346827,0.753475179496086,0.6767241379310345
random_036,0.4588424884181426,0.7537899030181172,0.6853448275862069
random_037,0.4546660698628143,0.7531143225017786,0.6616379310344828
random_038,0.45905809152787685,0.7538907982440611,0.6831896551724138
random_039,0.4575625921533364,0.7534614716619404,0.6875
random_040,0.45483508047841137,0.7533756063455165,0.6896551724137931
random_041,0.45462176760441464,0.7534585491795338,0.6918103448275862
random_042,0.456334466659113,0.7533516698229477,0.6896551724137931
random_043,0.4518374536905113,0.7525809694625638,0.6530172413793104
random_044,0.45816906714840433,0.7536460751339611,0.6831896551724138
random_045,0.4558546889391848,0.7534002386972298,0.6616379310344828
random_046,0.4574563739478069,0.7534814419583861,0.6875
random_047,0.45651351804835005,0.7532690053205879,0.6853448275862069
random_048,0.45403611457701243,0.7535190167321859,0.6918103448275862
random_049,0.4574342920003928,0.753586372993368,0.6875
random_050,0.4579201057645893,0.7535741264004258,0.6918103448275862
random_051,0.45475559721580155,0.7534101194710807,0.6918103448275862
random_052,0.457795813458247,0.7535464324004769,0.6918103448275862
random_053,0.4588058105120316,0.7538212849125314,0.6896551724137931
random_054,0.4562821382640425,0.7532893931145201,0.6702586206896551
random_055,0.4561948769748842,0.7532860531346269,0.6831896551724138
random_056,0.45504108437056356,0.7533656559887509,0.6918103448275862
random_057,0.45476337667165423,0.7534964022849915,0.6918103448275862
random_058,0.4557384376758519,0.7533456856923055,0.6875
random_059,0.45827982702057424,0.7536813536715843,0.6788793103448276
random_060,0.45889127211887976,0.7539342179826743,0.6831896551724138
random_061,0.4564549865316163,0.7533859741997687,0.6918103448275862
random_062,0.45427443108871296,0.7534815811242149,0.6918103448275862
random_063,0.45594806095566975,0.7532596812100525,0.6831896551724138
random_064,0.4582128925079515,0.7536067607873,0.6831896551724138
random_065,0.4564307447049267,0.7532164006372681,0.6810344827586207
random_066,0.4546686907352634,0.7529502459895191,0.6616379310344828
random_067,0.458081241807865,0.753581363023528,0.6896551724137931
random_068,0.4578456513447672,0.7537318012845562,0.6918103448275862
random_069,0.45677789023228216,0.7534302985162695,0.6896551724137931
random_070,0.4535785772209897,0.7536833019931887,0.6918103448275862
random_071,0.45947207848072597,0.7540561968316951,0.6875
random_072,0.4533511323398603,0.752776358286323,0.6616379310344828
random_073,0.45766856105942677,0.7534865215111406,0.6918103448275862
random_074,0.4554066965872382,0.7533993341193419,0.6918103448275862
random_075,0.4585484493547266,0.7538464739275603,0.6918103448275862
random_076,0.45563068431109865,0.753309572159709,0.6853448275862069
random_077,0.4581509122696598,0.7536993756464253,0.6896551724137931
random_078,0.45620244525916165,0.7533997516168286,0.6896551724137931
random_079,0.45790715333500503,0.7535457365713325,0.6875
random_080,0.4566861959964858,0.7534254277122585,0.6918103448275862
random_081,0.45634503689683636,0.7534058053303853,0.6918103448275862
random_082,0.45422891529255355,0.7534952889583605,0.6918103448275862
random_083,0.4576162379771149,0.7535076051342171,0.6875
random_084,0.45627376871366354,0.7534199306620173,0.6918103448275862
random_085,0.45456561387129496,0.7534739270036261,0.6918103448275862
random_086,0.4567334041261389,0.7534083103153053,0.6875
random_087,0.4574302103951432,0.7535725259933934,0.6896551724137931
random_088,0.45417786950212596,0.7536804490936964,0.6896551724137931
random_089,0.45763524909054093,0.753512128023656,0.6896551724137931
random_090,0.4433709012084313,0.7500574754873309,0.6336206896551724
random_091,0.4497360958560179,0.7520302902776526,0.6551724137931034
random_092,0.4555623944233671,0.7530885768234342,0.665948275862069
random_093,0.45888500875784494,0.7537779347568327,0.6831896551724138
random_094,0.45388404200077187,0.753606899953129,0.6918103448275862
random_095,0.45758527247387437,0.7534415013654951,0.6853448275862069
random_096,0.4593159883865194,0.7540360873694207,0.6918103448275862
random_097,0.45856847883278,0.7537059164403831,0.6853448275862069
random_098,0.45529696335434344,0.7534002386972296,0.6918103448275862
random_099,0.45692647568925815,0.7534229227273385,0.6875
random_100,0.4565059063697548,0.7533675347274409,0.6875
random_101,0.4594322988074641,0.7540254411835108,0.6853448275862069
random_102,0.45613689871666424,0.753422853144424,0.6875
random_103,0.457222790578771,0.7533724055314521,0.6853448275862069
random_104,0.449497131343619,0.7519225063431785,0.6508620689655172
random_105,0.4589640055931349,0.7538048633447226,0.6853448275862069
random_106,0.45841964122697276,0.753691025696692,0.6896551724137931
random_107,0.45781411679339773,0.7536536596716354,0.6918103448275862
random_108,0.45741659796365786,0.7535668897773236,0.6918103448275862
random_109,0.4577350080820593,0.7535732914054525,0.6918103448275862
random_110,0.4594089788822347,0.7540556401683796,0.6896551724137931
random_111,0.4507406514387562,0.7525108298848041,0.6594827586206896
random_112,0.4586620162011072,0.7537093260031908,0.6831896551724138
random_113,0.45036701508309296,0.7523558687343368,0.6573275862068966
random_114,0.4552083215206191,0.7530850976777119,0.6681034482758621
random_115,0.45650339798813777,0.7533671868128687,0.6875
random_116,0.4578527690540235,0.7535602098175369,0.6896551724137931
random_117,0.4541124706845181,0.7529576913613647,0.6637931034482759
random_118,0.4568568914427078,0.7534156861042363,0.6875
random_119,0.45594914034613226,0.7532463908733935,0.665948275862069
random_120,0.45776575012703313,0.7535373866215992,0.6875
random_121,0.4564978612762519,0.7533833300490198,0.6637931034482759
random_122,0.45307981986264,0.7537132226463996,0.6918103448275862
random_123,0.45396856924391665,0.7535217304658492,0.6918103448275862
random_124,0.45727309135090743,0.7535677247722969,0.6918103448275862
random_125,0.4589970256275018,0.7538395852190303,0.6831896551724138
random_126,0.4559843062986419,0.7532237764261992,0.6831896551724138
random_127,0.45810051283588743,0.7536217211139055,0.6875
random_128,0.453371670617069,0.7527979289898008,0.6616379310344828
random_129,0.45423939497187404,0.7534875652548572,0.6918103448275862
random_130,0.4564857004135328,0.7534209744057341,0.6875
random_131,0.45548054250657827,0.7533960637223631,0.6918103448275862
random_132,0.4584146803083676,0.7536825365811297,0.6875
random_133,0.4569770858788963,0.753639186425431,0.6702586206896551
random_134,0.4567381164992509,0.7533918191645821,0.6875
random_135,0.45515042363822966,0.7531162012404686,0.6767241379310345
random_136,0.4565639958900165,0.7533804771495276,0.6918103448275862
random_137,0.4542461046737095,0.7537017414655164,0.6918103448275862
random_138,0.45174579396875564,0.7528046089495875,0.6594827586206896
random_139,0.4521062488450452,0.7525738720052905,0.6616379310344828
random_140,0.45516667257771315,0.7534128332047442,0.6918103448275862
random_141,0.45743655998051974,0.7536245044304832,0.6918103448275862
random_142,0.455400886967917,0.7533951591444753,0.6918103448275862
random_143,0.45793575175141155,0.7535503290436858,0.6853448275862069
random_144,0.45385353426691705,0.752949898074947,0.6637931034482759
random_145,0.4575659901527498,0.7534667599634384,0.6875
random_146,0.45774592569096006,0.7535358557974814,0.6875
random_147,0.45385943070611645,0.7528506728389495,0.6616379310344828
random_148,0.45885653705654617,0.7538126566311405,0.6896551724137931
random_149,0.4578178260424139,0.753538917445717,0.6875
random_150,0.45609960960156687,0.7533602981043387,0.6918103448275862
random_151,0.4578816094651062,0.7535998720787701,0.6896551724137931
random_152,0.45689856457074945,0.7533832604661055,0.6875
random_153,0.4558415009439306,0.7533609243505687,0.6896551724137931
random_154,0.4555295054503099,0.7533869483605709,0.6616379310344828
random_155,0.4559240032539214,0.7531811220996449,0.6767241379310345
random_156,0.451774214440444,0.7524152925432722,0.6594827586206896
random_157,0.4493433351665192,0.7519650910868183,0.6551724137931034
random_158,0.4571146628747603,0.7533967595515075,0.6896551724137931
random_159,0.4530337750865174,0.7533804075666131,0.6745689655172413
random_160,0.45447254137678655,0.7531308832354162,0.6810344827586207
random_161,0.4586380561182941,0.7537735510332229,0.6918103448275862
random_162,0.4558253668949793,0.7531732592303126,0.6724137931034483
random_163,0.45532804536811533,0.7533823558882176,0.6918103448275862
random_164,0.4576912182456471,0.75365435550078,0.6918103448275862
random_165,0.45626891664288877,0.7533701092952754,0.6918103448275862
random_166,0.4567320736621683,0.7533168087828113,0.6831896551724138
random_167,0.45848821915345206,0.7537909467618338,0.6918103448275862
random_168,0.4591451847605059,0.7538930248973235,0.6831896551724138
random_169,0.45902730946705095,0.753874167927509,0.6918103448275862
random_170,0.4527133729422326,0.752688614231209,0.6594827586206896
random_171,0.45693210083443647,0.7534280718630073,0.6918103448275862
random_172,0.45469941371966155,0.7534829727825039,0.6918103448275862
random_173,0.4571758949687916,0.7533732405264253,0.6831896551724138
random_174,0.4493024817042107,0.7520707875338591,0.6530172413793104
random_175,0.4585113552240841,0.7536869203047398,0.6875
random_176,0.4580414260502487,0.7537253996564274,0.6918103448275862
random_177,0.45687770525460936,0.753394324149502,0.6875
random_178,0.4561294458776873,0.7534156165213219,0.6918103448275862
random_179,0.4549858226344805,0.7533561231294721,0.6918103448275862
random_180,0.4584718511216617,0.753733192942845,0.6788793103448276
random_181,0.45743942161892126,0.7534714916016206,0.6767241379310345
random_182,0.4579163850857649,0.7535927746214968,0.6896551724137931
random_183,0.45701867647555744,0.7533795725716398,0.6918103448275862
random_184,0.4577423378079116,0.7536164328124078,0.6896551724137931
random_185,0.4547676699757853,0.7533701092952754,0.6918103448275862
random_186,0.4572692194147446,0.7534175648429263,0.6896551724137931
random_187,0.4540147723979859,0.7531661617730394,0.6810344827586207
random_188,0.45739102602459747,0.7534108848831396,0.6875
random_189,0.4554133499078227,0.7531166187379551,0.6767241379310345
random_190,0.4544858614697668,0.7530476620697409,0.6637931034482759
random_191,0.4547775970543767,0.7530693719390475,0.6724137931034483
random_192,0.4546713609142821,0.7530219163913967,0.6637931034482759
random_193,0.4568746359860075,0.7532951684964191,0.6831896551724138
random_194,0.45651402711575734,0.75333009911947,0.6896551724137931
random_195,0.45028298272559797,0.7521208176493444,0.6530172413793104
random_196,0.4452408544293218,0.7506638210037975,0.6357758620689655
random_197,0.45870241598575995,0.7537606086111363,0.6896551724137931
random_198,0.45764822682044715,0.7535268796015181,0.6853448275862069
random_199,0.4542532570209524,0.7529382777282347,0.6616379310344828
