approach,share_reviewed,accounts_reviewed,precision,recall
B1 Amount threshold,0.005,46,0.15217391304347827,0.008206330597889801
B1 Amount threshold,0.01,93,0.15053763440860216,0.016412661195779603
B1 Amount threshold,0.015,139,0.11510791366906475,0.01875732708089097
B1 Amount threshold,0.02,186,0.12903225806451613,0.02813599062133646
B1 Amount threshold,0.025,232,0.1336206896551724,0.03634232121922626
B1 Amount threshold,0.030000000000000002,278,0.13309352517985612,0.04337631887456037
B1 Amount threshold,0.034999999999999996,325,0.12923076923076923,0.0492379835873388
B1 Amount threshold,0.04,371,0.12668463611859837,0.05509964830011723
B1 Amount threshold,0.045,417,0.12470023980815348,0.06096131301289566
B1 Amount threshold,0.049999999999999996,464,0.125,0.06799531066822978
B1 Amount threshold,0.05,464,0.125,0.06799531066822978
B1 Amount threshold,0.055,510,0.12941176470588237,0.07737397420867527
B1 Amount threshold,0.06,557,0.12028725314183124,0.07854630715123095
B1 Amount threshold,0.065,603,0.12106135986733002,0.08558030480656506
B1 Amount threshold,0.07,649,0.12018489984591679,0.0914419695193435
B1 Amount threshold,0.07500000000000001,696,0.125,0.10199296600234467
B1 Amount threshold,0.08,742,0.12398921832884097,0.10785463071512309
B1 Amount threshold,0.085,789,0.12167300380228137,0.11254396248534584
B1 Amount threshold,0.09000000000000001,835,0.12215568862275449,0.11957796014067995
B1 Amount threshold,0.095,881,0.12599318955732122,0.13012895662368112
B1 Amount threshold,0.1,928,0.12607758620689655,0.13716295427901523
B1 Amount threshold,0.10500000000000001,974,0.1273100616016427,0.14536928487690504
B1 Amount threshold,0.11,1020,0.12745098039215685,0.15240328253223914
B1 Amount threshold,0.115,1067,0.12652296157450796,0.15826494724501758
B1 Amount threshold,0.12000000000000001,1113,0.1275831087151842,0.16647127784290738
B1 Amount threshold,0.125,1160,0.12586206896551724,0.17116060961313012
B1 Amount threshold,0.13,1206,0.12603648424543948,0.17819460726846426
B1 Amount threshold,0.135,1252,0.12460063897763578,0.182883939038687
B1 Amount threshold,0.14,1299,0.1262509622786759,0.19226260257913247
B1 Amount threshold,0.14500000000000002,1345,0.1241635687732342,0.19577960140679954
B1 Amount threshold,0.15,1392,0.12284482758620689,0.20046893317702227
B1 Amount threshold,0.155,1438,0.12169680111265646,0.205158264947245
B1 Amount threshold,0.16,1484,0.12331536388140162,0.21453692848769051
B1 Amount threshold,0.165,1531,0.124101894186806,0.2227432590855803
B1 Amount threshold,0.17,1577,0.12301838934686113,0.22743259085580306
B1 Amount threshold,0.17500000000000002,1623,0.12199630314232902,0.2321219226260258
B1 Amount threshold,0.18000000000000002,1670,0.12095808383233533,0.23681125439624853
B1 Amount threshold,0.185,1716,0.12062937062937062,0.24267291910902697
B1 Amount threshold,0.19,1763,0.1191151446398185,0.246189917936694
B1 Amount threshold,0.195,1809,0.11719181868435599,0.2485345838218054
B1 Amount threshold,0.2,1855,0.11644204851752021,0.2532239155920281
B2 Amount + velocity,0.005,46,0.8260869565217391,0.044548651817116064
B2 Amount + velocity,0.01,93,0.7849462365591398,0.08558030480656506
B2 Amount + velocity,0.015,139,0.7913669064748201,0.12895662368112543
B2 Amount + velocity,0.02,186,0.8010752688172043,0.1746776084407972
B2 Amount + velocity,0.025,232,0.8103448275862069,0.22039859320046892
B2 Amount + velocity,0.030000000000000002,278,0.7158273381294964,0.23329425556858147
B2 Amount + velocity,0.034999999999999996,325,0.64,0.24384525205158264
B2 Amount + velocity,0.04,371,0.6091644204851752,0.264947245017585
B2 Amount + velocity,0.045,417,0.6522781774580336,0.31887456037514655
B2 Amount + velocity,0.049999999999999996,464,0.6875,0.37397420867526376
B2 Amount + velocity,0.05,464,0.6875,0.37397420867526376
B2 Amount + velocity,0.055,510,0.6607843137254902,0.3950762016412661
B2 Amount + velocity,0.06,557,0.6157989228007181,0.40211019929660025
B2 Amount + velocity,0.065,603,0.572139303482587,0.4044548651817116
B2 Amount + velocity,0.07,649,0.5423728813559322,0.4126611957796014
B2 Amount + velocity,0.07500000000000001,696,0.5186781609195402,0.4232121922626026
B2 Amount + velocity,0.08,742,0.4919137466307278,0.42790152403282533
B2 Amount + velocity,0.085,789,0.4664131812420786,0.43141852286049237
B2 Amount + velocity,0.09000000000000001,835,0.45748502994011975,0.447831184056272
B2 Amount + velocity,0.095,881,0.4438138479001135,0.45838218053927315
B2 Amount + velocity,0.1,928,0.4515086206896552,0.4912075029308324
B2 Amount + velocity,0.10500000000000001,974,0.4322381930184805,0.4935521688159437
B2 Amount + velocity,0.11,1020,0.4166666666666667,0.49824150058616645
B2 Amount + velocity,0.115,1067,0.4029990627928772,0.5041031652989449
B2 Amount + velocity,0.12000000000000001,1113,0.389937106918239,0.5087924970691676
B2 Amount + velocity,0.125,1160,0.3767241379310345,0.5123094958968347
B2 Amount + velocity,0.13,1206,0.3673300165837479,0.5193434935521688
B2 Amount + velocity,0.135,1252,0.3570287539936102,0.5240328253223916
B2 Amount + velocity,0.14,1299,0.3464203233256351,0.5275498241500586
B2 Amount + velocity,0.14500000000000002,1345,0.337546468401487,0.5322391559202814
B2 Amount + velocity,0.15,1392,0.32830459770114945,0.5357561547479485
B2 Amount + velocity,0.155,1438,0.3184979137691238,0.536928487690504
B2 Amount + velocity,0.16,1484,0.3140161725067385,0.5463071512309496
B2 Amount + velocity,0.165,1531,0.30502939255388634,0.5474794841735052
B2 Amount + velocity,0.17,1577,0.2993024730500951,0.5533411488862837
B2 Amount + velocity,0.17500000000000002,1623,0.29390018484288355,0.5592028135990621
B2 Amount + velocity,0.18000000000000002,1670,0.2868263473053892,0.5615474794841735
B2 Amount + velocity,0.185,1716,0.28088578088578087,0.5650644783118406
B2 Amount + velocity,0.19,1763,0.2745320476460579,0.567409144196952
B2 Amount + velocity,0.195,1809,0.2697622996130459,0.5720984759671747
B2 Amount + velocity,0.2,1855,0.2668463611859838,0.5803048065650644
B5a Integrated rules (>=2 families),0.005,46,0.6086956521739131,0.032825322391559206
B5a Integrated rules (>=2 families),0.01,93,0.6989247311827957,0.07620164126611957
B5a Integrated rules (>=2 families),0.015,139,0.7769784172661871,0.12661195779601406
B5a Integrated rules (>=2 families),0.02,186,0.7634408602150538,0.16647127784290738
B5a Integrated rules (>=2 families),0.025,232,0.7413793103448276,0.20164126611957797
B5a Integrated rules (>=2 families),0.030000000000000002,278,0.7338129496402878,0.2391559202813599
B5a Integrated rules (>=2 families),0.034999999999999996,325,0.6892307692307692,0.26260257913247365
B5a Integrated rules (>=2 families),0.04,371,0.633423180592992,0.27549824150058616
B5a Integrated rules (>=2 families),0.045,417,0.5851318944844125,0.28604923798358733
B5a Integrated rules (>=2 families),0.049999999999999996,464,0.5474137931034483,0.2977725674091442
B5a Integrated rules (>=2 families),0.05,464,0.5474137931034483,0.2977725674091442
B5a Integrated rules (>=2 families),0.055,510,0.5098039215686274,0.3048065650644783
B5a Integrated rules (>=2 families),0.06,557,0.47755834829443444,0.3118405627198124
B5a Integrated rules (>=2 families),0.065,603,0.4527363184079602,0.32004689331770225
B5a Integrated rules (>=2 families),0.07,649,0.4206471494607088,0.32004689331770225
B5a Integrated rules (>=2 families),0.07500000000000001,696,0.39511494252873564,0.3223915592028136
B5a Integrated rules (>=2 families),0.08,742,0.3719676549865229,0.3235638921453693
B5a Integrated rules (>=2 families),0.085,789,0.3637515842839037,0.3364595545134818
B5a Integrated rules (>=2 families),0.09000000000000001,835,0.3437125748502994,0.3364595545134818
B5a Integrated rules (>=2 families),0.095,881,0.32690124858115777,0.3376318874560375
B5a Integrated rules (>=2 families),0.1,928,0.3135775862068966,0.34114888628370454
B5a Integrated rules (>=2 families),0.10500000000000001,974,0.3008213552361396,0.34349355216881594
B5a Integrated rules (>=2 families),0.11,1020,0.29411764705882354,0.3516998827667057
B5a Integrated rules (>=2 families),0.115,1067,0.31021555763823805,0.388042203985932
B5a Integrated rules (>=2 families),0.12000000000000001,1113,0.3270440251572327,0.42672919109026963
B5a Integrated rules (>=2 families),0.125,1160,0.33189655172413796,0.451348182883939
B5a Integrated rules (>=2 families),0.13,1206,0.32669983416252074,0.4618991793669402
B5a Integrated rules (>=2 families),0.135,1252,0.3226837060702875,0.47362250879249707
B5a Integrated rules (>=2 families),0.14,1299,0.31793687451886066,0.48417350527549824
B5a Integrated rules (>=2 families),0.14500000000000002,1345,0.3137546468401487,0.4947245017584994
B5a Integrated rules (>=2 families),0.15,1392,0.3117816091954023,0.5087924970691676
B5a Integrated rules (>=2 families),0.155,1438,0.31084840055632823,0.5240328253223916
B5a Integrated rules (>=2 families),0.16,1484,0.3025606469002695,0.5263774912075029
B5a Integrated rules (>=2 families),0.165,1531,0.2952318745917701,0.52989449003517
B5a Integrated rules (>=2 families),0.17,1577,0.2872542802790108,0.5310668229777257
B5a Integrated rules (>=2 families),0.17500000000000002,1623,0.28034504004929145,0.5334114888628371
B5a Integrated rules (>=2 families),0.18000000000000002,1670,0.274251497005988,0.536928487690504
B5a Integrated rules (>=2 families),0.185,1716,0.270979020979021,0.5451348182883939
B5a Integrated rules (>=2 families),0.19,1763,0.26488939307997733,0.5474794841735052
B5a Integrated rules (>=2 families),0.195,1809,0.2609176340519624,0.5533411488862837
B5a Integrated rules (>=2 families),0.2,1855,0.2560646900269542,0.5568581477139508
B5b Integrated risk score (top 1%),0.005,46,0.9130434782608695,0.0492379835873388
B5b Integrated risk score (top 1%),0.01,93,0.8817204301075269,0.09613130128956623
B5b Integrated risk score (top 1%),0.015,139,0.8561151079136691,0.1395076201641266
B5b Integrated risk score (top 1%),0.02,186,0.8279569892473119,0.18053927315357562
B5b Integrated risk score (top 1%),0.025,232,0.7974137931034483,0.21688159437280188
B5b Integrated risk score (top 1%),0.030000000000000002,278,0.7661870503597122,0.24970691676436108
B5b Integrated risk score (top 1%),0.034999999999999996,325,0.7323076923076923,0.2790152403282532
B5b Integrated risk score (top 1%),0.04,371,0.7169811320754716,0.3118405627198124
B5b Integrated risk score (top 1%),0.045,417,0.6954436450839329,0.3399765533411489
B5b Integrated risk score (top 1%),0.049999999999999996,464,0.6875,0.37397420867526376
B5b Integrated risk score (top 1%),0.05,464,0.6875,0.37397420867526376
B5b Integrated risk score (top 1%),0.055,510,0.6470588235294118,0.38686987104337633
B5b Integrated risk score (top 1%),0.06,557,0.6068222621184919,0.3962485345838218
B5b Integrated risk score (top 1%),0.065,603,0.5754560530679934,0.406799531066823
B5b Integrated risk score (top 1%),0.07,649,0.551617873651772,0.4196951934349355
B5b Integrated risk score (top 1%),0.07500000000000001,696,0.521551724137931,0.42555685814771393
B5b Integrated risk score (top 1%),0.08,742,0.4973045822102426,0.43259085580304807
B5b Integrated risk score (top 1%),0.085,789,0.4841571609632446,0.447831184056272
B5b Integrated risk score (top 1%),0.09000000000000001,835,0.46706586826347307,0.45720984759671746
B5b Integrated risk score (top 1%),0.095,881,0.4608399545970488,0.47596717467760846
B5b Integrated risk score (top 1%),0.1,928,0.4525862068965517,0.492379835873388
B5b Integrated risk score (top 1%),0.10500000000000001,974,0.4322381930184805,0.4935521688159437
B5b Integrated risk score (top 1%),0.11,1020,0.41568627450980394,0.4970691676436108
B5b Integrated risk score (top 1%),0.115,1067,0.3992502343017807,0.49941383352872215
B5b Integrated risk score (top 1%),0.12000000000000001,1113,0.3836477987421384,0.5005861664712778
B5b Integrated risk score (top 1%),0.125,1160,0.36982758620689654,0.5029308323563892
B5b Integrated risk score (top 1%),0.13,1206,0.3598673300165838,0.5087924970691676
B5b Integrated risk score (top 1%),0.135,1252,0.3514376996805112,0.5158264947245017
B5b Integrated risk score (top 1%),0.14,1299,0.34026173979984603,0.5181711606096131
B5b Integrated risk score (top 1%),0.14500000000000002,1345,0.3315985130111524,0.5228604923798359
B5b Integrated risk score (top 1%),0.15,1392,0.32471264367816094,0.52989449003517
B5b Integrated risk score (top 1%),0.155,1438,0.3184979137691238,0.536928487690504
B5b Integrated risk score (top 1%),0.16,1484,0.31266846361185985,0.5439624853458382
B5b Integrated risk score (top 1%),0.165,1531,0.30633572828216854,0.5498241500586166
B5b Integrated risk score (top 1%),0.17,1577,0.30057070386810397,0.5556858147713951
B5b Integrated risk score (top 1%),0.17500000000000002,1623,0.2951324707332101,0.5615474794841735
B5b Integrated risk score (top 1%),0.18000000000000002,1670,0.2904191616766467,0.5685814771395076
B5b Integrated risk score (top 1%),0.185,1716,0.28496503496503495,0.5732708089097304
B5b Integrated risk score (top 1%),0.19,1763,0.28077141236528647,0.5803048065650644
B5b Integrated risk score (top 1%),0.195,1809,0.2758430071862908,0.5849941383352872
B5b Integrated risk score (top 1%),0.2,1855,0.2706199460916442,0.5885111371629543
ML1 Logistic regression (unconstrained),0.005,46,1.0,0.053927315357561546
ML1 Logistic regression (unconstrained),0.01,93,1.0,0.10902696365767878
ML1 Logistic regression (unconstrained),0.015,139,1.0,0.16295427901524032
ML1 Logistic regression (unconstrained),0.02,186,1.0,0.21805392731535755
ML1 Logistic regression (unconstrained),0.025,232,1.0,0.2719812426729191
ML1 Logistic regression (unconstrained),0.030000000000000002,278,1.0,0.32590855803048063
ML1 Logistic regression (unconstrained),0.034999999999999996,325,1.0,0.3810082063305979
ML1 Logistic regression (unconstrained),0.04,371,0.9973045822102425,0.43376318874560377
ML1 Logistic regression (unconstrained),0.045,417,0.9904076738609112,0.48417350527549824
ML1 Logistic regression (unconstrained),0.049999999999999996,464,0.9827586206896551,0.5345838218053928
ML1 Logistic regression (unconstrained),0.05,464,0.9827586206896551,0.5345838218053928
ML1 Logistic regression (unconstrained),0.055,510,0.9764705882352941,0.5838218053927315
ML1 Logistic regression (unconstrained),0.06,557,0.9389587073608617,0.6131301289566237
ML1 Logistic regression (unconstrained),0.065,603,0.87893864013267,0.6213364595545134
ML1 Logistic regression (unconstrained),0.07,649,0.8228043143297381,0.6260257913247362
ML1 Logistic regression (unconstrained),0.07500000000000001,696,0.7701149425287356,0.6283704572098476
ML1 Logistic regression (unconstrained),0.08,742,0.72911051212938,0.634232121922626
ML1 Logistic regression (unconstrained),0.085,789,0.6894803548795945,0.6377491207502931
ML1 Logistic regression (unconstrained),0.09000000000000001,835,0.651497005988024,0.6377491207502931
ML1 Logistic regression (unconstrained),0.095,881,0.623155505107832,0.6436107854630715
ML1 Logistic regression (unconstrained),0.1,928,0.5959051724137931,0.6483001172332943
ML1 Logistic regression (unconstrained),0.10500000000000001,974,0.5708418891170431,0.6518171160609613
ML1 Logistic regression (unconstrained),0.11,1020,0.5470588235294118,0.6541617819460727
ML1 Logistic regression (unconstrained),0.115,1067,0.5257731958762887,0.6576787807737398
ML1 Logistic regression (unconstrained),0.12000000000000001,1113,0.504941599281222,0.6588511137162955
ML1 Logistic regression (unconstrained),0.125,1160,0.48879310344827587,0.6647127784290738
ML1 Logistic regression (unconstrained),0.13,1206,0.472636815920398,0.6682297772567409
ML1 Logistic regression (unconstrained),0.135,1252,0.4584664536741214,0.6729191090269636
ML1 Logistic regression (unconstrained),0.14,1299,0.44341801385681295,0.675263774912075
ML1 Logistic regression (unconstrained),0.14500000000000002,1345,0.43048327137546466,0.6787807737397421
ML1 Logistic regression (unconstrained),0.15,1392,0.41810344827586204,0.6822977725674091
ML1 Logistic regression (unconstrained),0.155,1438,0.40611961057023643,0.6846424384525205
ML1 Logistic regression (unconstrained),0.16,1484,0.3948787061994609,0.6869871043376319
ML1 Logistic regression (unconstrained),0.165,1531,0.38275636838667537,0.6869871043376319
ML1 Logistic regression (unconstrained),0.17,1577,0.3722257450856056,0.6881594372801876
ML1 Logistic regression (unconstrained),0.17500000000000002,1623,0.36229205175600737,0.6893317702227433
ML1 Logistic regression (unconstrained),0.18000000000000002,1670,0.3532934131736527,0.6916764361078547
ML1 Logistic regression (unconstrained),0.185,1716,0.34440559440559443,0.6928487690504103
ML1 Logistic regression (unconstrained),0.19,1763,0.3363584798638684,0.6951934349355217
ML1 Logistic regression (unconstrained),0.195,1809,0.3294637921503593,0.6987104337631888
ML1 Logistic regression (unconstrained),0.2,1855,0.32452830188679244,0.7057444314185228
ML2 Gradient boosting,0.005,46,1.0,0.053927315357561546
ML2 Gradient boosting,0.01,93,1.0,0.10902696365767878
ML2 Gradient boosting,0.015,139,1.0,0.16295427901524032
ML2 Gradient boosting,0.02,186,1.0,0.21805392731535755
ML2 Gradient boosting,0.025,232,1.0,0.2719812426729191
ML2 Gradient boosting,0.030000000000000002,278,1.0,0.32590855803048063
ML2 Gradient boosting,0.034999999999999996,325,0.9815384615384616,0.37397420867526376
ML2 Gradient boosting,0.04,371,0.9433962264150944,0.41031652989449
ML2 Gradient boosting,0.045,417,0.8776978417266187,0.42907385697538103
ML2 Gradient boosting,0.049999999999999996,464,0.8362068965517241,0.4548651817116061
ML2 Gradient boosting,0.05,464,0.8362068965517241,0.4548651817116061
ML2 Gradient boosting,0.055,510,0.7725490196078432,0.4618991793669402
ML2 Gradient boosting,0.06,557,0.725314183123878,0.47362250879249707
ML2 Gradient boosting,0.065,603,0.6915422885572139,0.488862837045721
ML2 Gradient boosting,0.07,649,0.6563944530046225,0.49941383352872215
ML2 Gradient boosting,0.07500000000000001,696,0.6221264367816092,0.5076201641266119
ML2 Gradient boosting,0.08,742,0.5943396226415094,0.5169988276670574
ML2 Gradient boosting,0.085,789,0.5678073510773131,0.5252051582649473
ML2 Gradient boosting,0.09000000000000001,835,0.5413173652694611,0.52989449003517
ML2 Gradient boosting,0.095,881,0.5187287173666288,0.5357561547479485
ML2 Gradient boosting,0.1,928,0.4978448275862069,0.5416178194607268
ML2 Gradient boosting,0.10500000000000001,974,0.48357289527720737,0.552168815943728
ML2 Gradient boosting,0.11,1020,0.4647058823529412,0.5556858147713951
ML2 Gradient boosting,0.115,1067,0.44611059044048734,0.5580304806565064
ML2 Gradient boosting,0.12000000000000001,1113,0.4303683737646002,0.5615474794841735
ML2 Gradient boosting,0.125,1160,0.4163793103448276,0.5662368112543963
ML2 Gradient boosting,0.13,1206,0.4021558872305141,0.5685814771395076
ML2 Gradient boosting,0.135,1252,0.38977635782747605,0.5720984759671747
ML2 Gradient boosting,0.14,1299,0.3787528868360277,0.5767878077373975
ML2 Gradient boosting,0.14500000000000002,1345,0.3687732342007435,0.5814771395076201
ML2 Gradient boosting,0.15,1392,0.35919540229885055,0.5861664712778429
ML2 Gradient boosting,0.155,1438,0.35118219749652296,0.5920281359906213
ML2 Gradient boosting,0.16,1484,0.34029649595687333,0.5920281359906213
ML2 Gradient boosting,0.165,1531,0.33376877857609405,0.5990621336459554
ML2 Gradient boosting,0.17,1577,0.3278376664552949,0.6060961313012896
ML2 Gradient boosting,0.17500000000000002,1623,0.31916204559457795,0.6072684642438453
ML2 Gradient boosting,0.18000000000000002,1670,0.31137724550898205,0.6096131301289566
ML2 Gradient boosting,0.185,1716,0.30536130536130535,0.6143024618991794
ML2 Gradient boosting,0.19,1763,0.29892229154849687,0.6178194607268465
ML2 Gradient boosting,0.195,1809,0.2935323383084577,0.6225087924970691
ML2 Gradient boosting,0.2,1855,0.2894878706199461,0.6295427901524033
ML3 Isolation Forest (unsupervised),0.005,46,0.5869565217391305,0.031652989449003514
ML3 Isolation Forest (unsupervised),0.01,93,0.6021505376344086,0.06565064478311841
ML3 Isolation Forest (unsupervised),0.015,139,0.5971223021582733,0.09730363423212192
ML3 Isolation Forest (unsupervised),0.02,186,0.5860215053763441,0.12778429073856976
ML3 Isolation Forest (unsupervised),0.025,232,0.5818965517241379,0.15826494724501758
ML3 Isolation Forest (unsupervised),0.030000000000000002,278,0.5719424460431655,0.18640093786635403
ML3 Isolation Forest (unsupervised),0.034999999999999996,325,0.5476923076923077,0.20867526377491208
ML3 Isolation Forest (unsupervised),0.04,371,0.5390835579514824,0.23446658851113716
ML3 Isolation Forest (unsupervised),0.045,417,0.5515587529976019,0.2696365767878077
ML3 Isolation Forest (unsupervised),0.049999999999999996,464,0.5431034482758621,0.2954279015240328
ML3 Isolation Forest (unsupervised),0.05,464,0.5431034482758621,0.2954279015240328
ML3 Isolation Forest (unsupervised),0.055,510,0.5392156862745098,0.3223915592028136
ML3 Isolation Forest (unsupervised),0.06,557,0.5296229802513465,0.34583821805392734
ML3 Isolation Forest (unsupervised),0.065,603,0.5223880597014925,0.369284876905041
ML3 Isolation Forest (unsupervised),0.07,649,0.5208012326656395,0.3962485345838218
ML3 Isolation Forest (unsupervised),0.07500000000000001,696,0.514367816091954,0.4196951934349355
ML3 Isolation Forest (unsupervised),0.08,742,0.5134770889487871,0.4466588511137163
ML3 Isolation Forest (unsupervised),0.085,789,0.49936628643852976,0.4618991793669402
ML3 Isolation Forest (unsupervised),0.09000000000000001,835,0.48982035928143713,0.4794841735052755
ML3 Isolation Forest (unsupervised),0.095,881,0.47446083995459704,0.4900351699882767
ML3 Isolation Forest (unsupervised),0.1,928,0.46120689655172414,0.5017584994138335
ML3 Isolation Forest (unsupervised),0.10500000000000001,974,0.4455852156057495,0.5087924970691676
ML3 Isolation Forest (unsupervised),0.11,1020,0.4343137254901961,0.5193434935521688
ML3 Isolation Forest (unsupervised),0.115,1067,0.422680412371134,0.5287221570926143
ML3 Isolation Forest (unsupervised),0.12000000000000001,1113,0.4115004492362983,0.536928487690504
ML3 Isolation Forest (unsupervised),0.125,1160,0.4,0.5439624853458382
ML3 Isolation Forest (unsupervised),0.13,1206,0.39054726368159204,0.552168815943728
ML3 Isolation Forest (unsupervised),0.135,1252,0.3793929712460064,0.5568581477139508
ML3 Isolation Forest (unsupervised),0.14,1299,0.37644341801385683,0.5732708089097304
ML3 Isolation Forest (unsupervised),0.14500000000000002,1345,0.3687732342007435,0.5814771395076201
ML3 Isolation Forest (unsupervised),0.15,1392,0.3584770114942529,0.5849941383352872
ML3 Isolation Forest (unsupervised),0.155,1438,0.34909596662030595,0.5885111371629543
ML3 Isolation Forest (unsupervised),0.16,1484,0.341644204851752,0.5943728018757327
ML3 Isolation Forest (unsupervised),0.165,1531,0.33899412148922276,0.608440797186401
ML3 Isolation Forest (unsupervised),0.17,1577,0.33354470513633483,0.6166471277842908
ML3 Isolation Forest (unsupervised),0.17500000000000002,1623,0.32778804682686385,0.6236811254396248
ML3 Isolation Forest (unsupervised),0.18000000000000002,1670,0.3221556886227545,0.6307151230949589
ML3 Isolation Forest (unsupervised),0.185,1716,0.3152680652680653,0.634232121922626
ML3 Isolation Forest (unsupervised),0.19,1763,0.3096993760635281,0.6400937866354045
ML3 Isolation Forest (unsupervised),0.195,1809,0.30403537866224434,0.6447831184056272
ML3 Isolation Forest (unsupervised),0.2,1855,0.29757412398921834,0.6471277842907386
